{
	"scene": "pool",
	"rov_setup": {
		"mass": 50.0,
		"pos": [ 1.0, 1.5, -5.0 ],
		"rot": [ 0.0, 0.0, 0.0 ],
		"thrusters": {
			"hfs": { "pos": [ 2.53743958, 0.61925888, -0.2160422 ], "rot": [ 90.00063771, 135.00360509, -0.16045937 ] },
			"hfp": { "pos": [ 2.53741074, 0.61925465, 0.2437050 ], "rot": [ 89.99990005, 45.00356502, 0.08723358 ] },
			"hap": { "pos": [ 0.97084224, 0.61884141, 0.2436065 ], "rot": [ 89.99938779, 315.00360668, 0.16046865 ] },
			"has": { "pos": [ 0.97087115, 0.61884564, -0.2161406 ], "rot": [ 90.00013911, 225.00360418, -0.08722996 ] },
			"vas": { "pos": [ 2.03029895, 1.34278131, -0.7146270 ], "rot": [ 0.05825762, 86.05404695, -0.03880541 ] },
			"vfs": { "pos": [ 1.39628148, 1.34278500, -0.7145472 ], "rot": [ 0.00000369, 180.00000000, 0.00000717 ] },
			"vfp": { "pos": [ 1.39618969, 1.34277153, 0.7420799 ], "rot": [ 0.00000000, 73.72771384, -0.00000000 ] },
			"vap": { "pos": [ 2.03041458, 1.34276795, 0.7421197 ], "rot": [ 0.00002615, 73.72619753, -0.00001482 ] }
		},
		"cameras": [
			{
				"fov": 70.0,
				"pos": [ 0.4, 0.4, 0.0 ],
				"rot": [ 0.0, -90.0, 0.0 ],
				"resolution": [ 670, 480 ],
				"port": 11024,
				"quality": 60
			},
			{
				"fov": 70.0,
				"pos": [ 1.8, 0.75, -0.75 ],
				"rot": [ 0.0, -70.0, 0.0 ],
				"resolution": [ 670, 480 ],
				"port": 11025,
				"quality": 60
			},
			{
				"fov": 70.0,
				"pos": [ 1.8, 0.75, 0.8 ],
				"rot": [ 0.0, -110.0, 0.0 ],
				"resolution": [ 670, 480 ],
				"port": 11026,
				"quality": 60
			}
		],
		"max_thruster_force": 5.0,
		"center_of_mass": [ 1.713296175, 0.6190501449999999, 0.01375635 ]
	}
}