{
	"scene": "grid",
	"rov_setup": {
		"mass": 50.0,
		"pos": [ 1.0, 1.5, -5.0 ],
		"rot": [ 0.0, 0.0, 0.0 ],
		"thrusters": {
			"hfp": { "pos": [ 0.96863061, 0.61969483, -0.2442602 ], "rot": [ 0.27078411, 0.27036932, -0.65379095, -0.65278924 ], "force": 10.0 },
			"hfs": { "pos": [ 0.96865892, 0.61928356, 0.2154868 ], "rot": [ 0.65418655, 0.65235871, -0.27099627, -0.27023908 ], "force": 10.0 },
			"has": { "pos": [ 2.53522110, 0.61490828, 0.2153865 ], "rot": [ 0.65278924, 0.65379101, 0.27036926, 0.27078411 ], "force": -10.0 },
			"hap": { "pos": [ 2.53519297, 0.61531949, -0.2443604 ], "rot": [ 0.27023879, 0.27099609, 0.65235865, 0.65418684 ], "force": -10.0 },
			"vas": { "pos": [ 2.03029394, 1.33952665, 0.7146256 ], "rot": [ 0.68234223, 0.00140352, 0.73102999, 0.00151372 ] },
			"vfs": { "pos": [ 1.39627934, 1.34146857, 0.7145467 ], "rot": [ 0.59989297, 0.00095181, 0.80007869, 0.00127837 ] },
			"vfp": { "pos": [ 1.39618969, 1.34277153, -0.7420799 ], "rot": [ 0.59991491, 0.00095181, 0.80006224, 0.00127834 ] },
			"vap": { "pos": [ 2.03041172, 1.34082913, -0.7421206 ], "rot": [ 0.59990430, 0.00095207, 0.80007017, 0.00127843 ] }
		},
		"center_of_mass": [ 1.7519258999999998, 0.61730154, -0.014436825 ]
	}
}