{
	"scene": "pool",
	"rov_setup": {
		"mass": 50.0,
		"pos": [ 1.0, 1.5, -5.0 ],
		"rot": [ 0.0, 0.0, 0.0 ],
		"thrusters": {
			"hfp": { "pos": [ 0.9779385, 0.6185354, 0.2507187 ], "rot": [ -90.0000025, 134.9999987, -0.0000000 ] },
			"hfs": { "pos": [ 0.9779385, 0.6185354, -0.2237708 ], "rot": [ -90.0000025, 44.9999997, -0.0000000 ] },
			"has": { "pos": [ 2.5308392, 0.6185354, -0.2237708 ], "rot": [ -90.0000025, 314.9999867, -0.0000000 ] },
			"hap": { "pos": [ 2.5308392, 0.6185354, 0.2507187 ], "rot": [ -90.0000025, 224.9999808, -0.0000000 ] },
			"vfp": { "pos": [ 1.3960717, 1.3334541, 0.7416034 ], "rot": [ 0.0000000, 180.0000000, -0.0000000 ] },
			"vfs": { "pos": [ 1.3960717, 1.3334541, -0.7150943 ], "rot": [ 0.0000000, 180.0000000, -0.0000000 ] },
			"vap": { "pos": [ 2.0304615, 1.3334541, 0.7416034 ], "rot": [ 0.0000000, 180.0000000, -0.0000000 ] },
			"vas": { "pos": [ 2.0304615, 1.3334541, -0.7150943 ], "rot": [ 0.0000000, 180.0000000, -0.0000000 ] }
		},
		"cameras": [
			{
				"fov": 70.0,
				"pos": [ 0.4, 0.4, 0.0 ],
				"rot": [ 0.0, -90.0, 0.0 ],
				"resolution": [ 670, 480 ],
				"port": 11024,
				"quality": 60
			},
			{
				"fov": 70.0,
				"pos": [ 1.8, 0.75, -0.75 ],
				"rot": [ 0.0, -70.0, 0.0 ],
				"resolution": [ 670, 480 ],
				"port": 11025,
				"quality": 60
			},
			{
				"fov": 70.0,
				"pos": [ 1.8, 0.75, 0.8 ],
				"rot": [ 0.0, -110.0, 0.0 ],
				"resolution": [ 670, 480 ],
				"port": 11026,
				"quality": 60
			}
		],
		"max_thruster_force": 5.0,
		"center_of_mass": [ 1.7132666, 0.6185354, 0.0132546 ]
	}
}